<?xml version="1.0" encoding="UTF-8"?>
<project-private xmlns="http://www.netbeans.org/ns/project-private/1">
    <editor-bookmarks xmlns="http://www.netbeans.org/ns/editor-bookmarks/2" lastBookmarkId="0"/>
    <open-files xmlns="http://www.netbeans.org/ns/projectui-open-files/2">
        <group>
            <file>file:/C:/Users/PC/Downloads/cafeManagementSystem/cafeManagementSystem/src/cafemanagementsystem/insertemployee.java</file>
            <file>file:/C:/Users/PC/Downloads/cafeManagementSystem/cafeManagementSystem/src/cafemanagementsystem/managedrink.java</file>
            <file>file:/C:/Users/PC/Downloads/cafeManagementSystem/cafeManagementSystem/src/cafemanagementsystem/recreatepassword.java</file>
            <file>file:/C:/Users/PC/Downloads/cafeManagementSystem/cafeManagementSystem/src/cafemanagementsystem/LoginPage.java</file>
            <file>file:/C:/Users/PC/Downloads/cafeManagementSystem/cafeManagementSystem/src/cafemanagementsystem/searchemployee.java</file>
            <file>file:/C:/Users/PC/Downloads/cafeManagementSystem/cafeManagementSystem/src/cafemanagementsystem/searchdrink.java</file>
            <file>file:/C:/Users/PC/Downloads/cafeManagementSystem/cafeManagementSystem/src/cafemanagementsystem/Viewbill.java</file>
            <file>file:/C:/Users/PC/Downloads/cafeManagementSystem/cafeManagementSystem/src/cafemanagementsystem/JDBC_Connection.java</file>
            <file>file:/C:/Users/PC/Downloads/cafeManagementSystem/cafeManagementSystem/src/cafemanagementsystem/orderdetails.java</file>
            <file>file:/C:/Users/PC/Downloads/cafeManagementSystem/cafeManagementSystem/src/cafemanagementsystem/manageemployee.java</file>
            <file>file:/C:/Users/PC/Downloads/cafeManagementSystem/cafeManagementSystem/src/cafemanagementsystem/report.java</file>
            <file>file:/C:/Users/PC/Downloads/cafeManagementSystem/cafeManagementSystem/src/cafemanagementsystem/CafeManagementSystem.java</file>
        </group>
    </open-files>
</project-private>
